{"sections":{"collection-header":{"type":"collection-header","custom_css":["\/* .image--root img {padding: 0px 9px 0px 9px !important;}"," *\/.collection-header--image img {border-radius: 14px !important; margin-top: 2px !important; padding-bottom: 2px !important;}"],"settings":{"spacing-above":"none","spacing-below":"none","show-title":false,"heading-type":"featured-heading","heading-alignment":"center","show-description":true,"description-alignment":"with-title","white-text":true,"show-image":true,"use-image-fallback":false,"image-display-type":"small","aspect-ratio":136,"mobile-image-display-type":"x-small","mobile-aspect-ratio":134,"text-style":"none","overlay-style":"none","parallax-enabled":false,"mobile-spacing-above":"none","mobile-spacing-below":"half"}},"featured_text_QVFwA7":{"type":"featured-text","disabled":true,"custom_css":["p {font-size: 18px; font-weight: 500; line-height: 1.6;}"],"settings":{"top-border":false,"spacing-above":"half","spacing-below":"half","background-color":"none","white-text":false,"text-alignment":"center","heading-type":"section-heading","container-width":"3","overline":"","heading":"","highlight-type":"italic","highlight-color":"#ffdd66","highlight-text":"#000000","description":"<p>Discover our cutting-edge formulas designed to support healthy aging and cellular renewal. Choose the product that aligns with your goals—each backed by science and crafted for daily vitality.<\/p>","link-url":"shopify:\/\/products\/products-cellunad-nad-booster","link-text":"Explore Products","mobile-spacing-above":"none","mobile-spacing-below":"none"}},"navigation":{"type":"collection-navigation","custom_css":[".navigation--button {font-weight: 500 !important;}","@media only screen and (max-width: 767px) {.navigation--mobile-button {font-weight: 500; }}"],"settings":{"spacing-above":"half","spacing-below":"none","show-browse-button":true,"show-sort-button":true,"show-refine-button":true,"show-layout-buttons":true,"show-collections-list":true,"custom-list-collections":"","show-sort-list":true,"show-refine-list":true,"swatches":"circle","show-search-link":true,"mobile-spacing-above":"full","mobile-spacing-below":"none"}},"main":{"type":"main-collection","blocks":{"grid-promo-1":{"type":"promotion","disabled":true,"settings":{"position":6,"promo-width":"2","heading-type":"section-heading","text-horizontal-alignment":"center","text-vertical-alignment":"center","text-width":"medium","text-style":"none","background-color":"none","text-background-color":"transparent","overlay-style":"darken-bottom","parallax-enabled":false,"white-text":true,"overline":"Overline text","title":"Grid promotion","highlight-type":"italic","highlight-color":"#ffdd66","highlight-text":"#000000","description":"<p>Create eye-catching promos within collection grids to increase discoverability and accelerate conversions.<\/p>","link-url":"","link-text":"Optional link","mobile-hide-description":false,"mobile-text-alignment":"center"}}},"block_order":["grid-promo-1"],"custom_css":[".product-card--root .product--title {text-transform: uppercase; font-size: 20px;}"],"settings":{"spacing-above":"half","spacing-below":"full","products-per-row--desktop":3,"products-per-row--mobile":"1","number-of-rows":1,"mobile-spacing-above":"half","mobile-spacing-below":"half"}},"recent-products":{"type":"recent-products","disabled":true,"custom_css":[".product-card--root .product--title {text-transform: uppercase; font-size: 20px;}"],"settings":{"top-border":false,"spacing-above":"none","spacing-below":"full","background-color":"none","white-text":false,"heading-alignment":"center","heading":"Recently viewed","mobile-spacing-above":"half","mobile-spacing-below":"half"}}},"order":["collection-header","featured_text_QVFwA7","navigation","main","recent-products"]}