{"sections":{"age_revive_home_EKkaAa":{"type":"age-revive-home","name":"Age Revive home","settings":{}},"custom_liquid_rd7XkE":{"type":"custom-liquid","disabled":true,"name":"Custom Liquid","settings":{"top-border":false,"spacing-above":"none","spacing-below":"none","background-color":"none","white-text":false,"text-alignment":"center","container-width":"6","custom-liquid":"<div id=\"ar-safe-design\">\n    <link href=\"https:\/\/fonts.googleapis.com\/css2?family=Manrope:wght@300;400;500;600;700&display=swap\" rel=\"stylesheet\">\n    <script src=\"https:\/\/unpkg.com\/lucide@latest\"><\/script>\n\n    <style>\n        \/* RESET & LAYOUT *\/\n        #ar-safe-design {\n            position: absolute;\n            top: 0; left: 0;\n            width: 100%;\n            min-height: 100vh;\n            background-color: #151925; \/* Deep Navy *\/\n            color: #F8FAFC;\n            font-family: 'Manrope', sans-serif !important;\n            z-index: 2147483647; \/* Top Layer *\/\n            overflow-x: hidden;\n            line-height: 1.5;\n        }\n        \n        \/* HIDE THEME ELEMENTS *\/\n        .header-wrapper, header:not(.ar-nav-safe), footer:not(#ar-footer-safe), .announcement-bar, .footer {\n            display: none !important;\n        }\n\n        #ar-safe-design * { box-sizing: border-box; }\n        #ar-safe-design img { display: block; max-width: 100%; height: auto; }\n        #ar-safe-design a { text-decoration: none; color: inherit; transition: 0.3s; }\n\n        \/* UTILITIES *\/\n        .ar-container { max-width: 1280px; margin: 0 auto; padding: 0 24px; position: relative; z-index: 10; }\n        \n        \/* FLEXBOX REPLACEMENTS *\/\n        .ar-flex { display: flex; }\n        .ar-flex-col { flex-direction: column; }\n        .ar-items-center { align-items: center; }\n        .ar-justify-center { justify-content: center; }\n        .ar-justify-between { justify-content: space-between; }\n        .ar-gap-3 { gap: 12px; }\n        .ar-gap-4 { gap: 16px; }\n        .ar-gap-6 { gap: 24px; }\n        .ar-gap-8 { gap: 32px; }\n        .ar-gap-12 { gap: 48px; }\n        \n        \/* TYPOGRAPHY *\/\n        .ar-h1 { font-size: 56px; line-height: 1.1; font-weight: 500; color: white; margin-bottom: 24px; letter-spacing: -0.02em; }\n        .ar-h2 { font-size: 42px; line-height: 1.1; font-weight: 500; color: white; margin-bottom: 20px; letter-spacing: -0.01em; }\n        .ar-h3 { font-size: 22px; font-weight: 500; color: white; margin-bottom: 12px; }\n        .ar-p { font-size: 16px; color: #94a3b8; margin-bottom: 32px; font-weight: 300; line-height: 1.6; }\n        .ar-label { font-size: 11px; font-weight: 700; text-transform: uppercase; letter-spacing: 0.2em; color: #94a3b8; display: block; margin-bottom: 12px; }\n        .ar-link { font-size: 11px; font-weight: 700; text-transform: uppercase; letter-spacing: 0.2em; color: #94a3b8; }\n        .ar-link:hover { color: white; }\n\n        \/* VISUALS *\/\n        .text-gold { background: linear-gradient(to right, #fff, #cbd5e1); -webkit-background-clip: text; -webkit-text-fill-color: transparent; font-style: italic; }\n        .text-metallic { background: linear-gradient(to right, #ffffff, #94a3b8); -webkit-background-clip: text; -webkit-text-fill-color: transparent; }\n        \n        .glass-ui { background: rgba(255, 255, 255, 0.03); backdrop-filter: blur(12px); border: 1px solid rgba(255, 255, 255, 0.08); border-radius: 4px; padding: 32px; }\n        .ar-btn { display: inline-flex; align-items: center; justify-content: center; padding: 16px 40px; background: white; color: #151925; font-size: 11px; font-weight: 700; text-transform: uppercase; letter-spacing: 0.2em; border-radius: 2px; cursor: pointer; border: none; }\n        .ar-btn:hover { transform: scale(1.02); }\n        .ar-btn-outline { border: 1px solid rgba(255,255,255,0.2); color: white; padding: 10px 28px; font-size: 10px; font-weight: 700; letter-spacing: 0.2em; text-transform: uppercase; border-radius: 2px; }\n        \n        .hd-bottle { filter: contrast(1.1) drop-shadow(0 30px 60px rgba(0,0,0,0.6)); max-height: 550px; margin: 0 auto; }\n        .logo-fix { height: 32px; width: auto; filter: brightness(0) invert(1); }\n        \n        \/* PILLARS *\/\n        .pillar-box { border: 1px solid rgba(255,255,255,0.1); padding: 24px; border-radius: 4px; background: rgba(255,255,255,0.02); display: flex; align-items: center; gap: 16px; }\n        \n        \/* BACKGROUNDS *\/\n        .ar-bg-grid { position: absolute; inset: 0; background-image: linear-gradient(to right, rgba(255, 255, 255, 0.03) 1px, transparent 1px), linear-gradient(to bottom, rgba(255, 255, 255, 0.03) 1px, transparent 1px); background-size: 60px 60px; mask-image: radial-gradient(circle at 50% 50%, black 40%, transparent 90%); pointer-events: none; z-index: 0; }\n        .ar-noise-overlay { position: fixed; top: 0; left: 0; width: 100%; height: 100%; background-image: url(\"data:image\/svg+xml,%3Csvg viewBox='0 0 200 200' xmlns='http:\/\/www.w3.org\/2000\/svg'%3E%3Cfilter id='noiseFilter'%3E%3CfeTurbulence type='fractalNoise' baseFrequency='0.65' numOctaves='3' stitchTiles='stitch'\/%3E%3C\/filter%3E%3Crect width='100%25' height='100%25' filter='url(%23noiseFilter)' opacity='0.04'\/%3E%3C\/svg%3E\"); pointer-events: none; z-index: 0; }\n        .timeline-line { position: absolute; left: 50%; transform: translateX(-50%); width: 1px; height: 100px; background: linear-gradient(to bottom, rgba(255,255,255,0.2), transparent); }\n        \n        \/* GLOWS *\/\n        .glow-blue { position: absolute; width: 500px; height: 500px; background: radial-gradient(circle, rgba(59,130,246,0.15) 0%, transparent 70%); border-radius: 50%; pointer-events: none; z-index: 1; top: 50%; left: 50%; transform: translate(-50%, -50%); }\n        .glow-purple { position: absolute; width: 500px; height: 500px; background: radial-gradient(circle, rgba(168,85,247,0.15) 0%, transparent 70%); border-radius: 50%; pointer-events: none; z-index: 1; top: 50%; left: 50%; transform: translate(-50%, -50%); }\n\n        \/* GRID SYSTEM (Manual) *\/\n        .ar-grid-12 { display: grid; grid-template-columns: repeat(12, 1fr); gap: 40px; align-items: center; }\n        .ar-grid-3 { display: grid; grid-template-columns: repeat(3, 1fr); gap: 24px; }\n        .ar-grid-footer { display: grid; grid-template-columns: repeat(4, 1fr); gap: 40px; }\n        \n        .ar-col-5 { grid-column: span 5; }\n        .ar-col-7 { grid-column: span 7; }\n        .ar-col-6 { grid-column: span 6; }\n        .ar-col-2 { grid-column: span 2; }\n        .ar-span-2 { grid-column: span 2; }\n\n        .section-pad { padding: 120px 0; position: relative; }\n\n        \/* MOBILE RESPONSIVENESS *\/\n        @media (max-width: 1024px) {\n            .ar-grid-12, .ar-grid-3, .ar-grid-footer { display: flex; flex-direction: column; gap: 60px; }\n            .ar-mobile-rev { flex-direction: column-reverse; }\n            .ar-mobile-center { text-align: center; align-items: center; display: flex; flex-direction: column; }\n            \n            .ar-h1 { font-size: 38px; }\n            .ar-h2 { font-size: 32px; }\n            \n            .ar-desktop-only { display: none !important; }\n            .hd-bottle { max-height: 350px; }\n            .section-pad { padding: 80px 0; }\n            \n            \/* Fix width *\/\n            .ar-col-5, .ar-col-7, .ar-col-6 { width: 100%; }\n            .ar-mobile-row { display: flex; flex-wrap: wrap; gap: 20px; justify-content: center; }\n            .glass-ui { padding: 24px; }\n        }\n        @media (min-width: 1025px) {\n            .ar-desktop-only { display: flex; }\n            .ar-mobile-row { display: flex; gap: 40px; }\n        }\n    <\/style>\n\n    <div style=\"position: relative;\">\n        <div class=\"ar-noise-overlay\"><\/div>\n        <div class=\"ar-bg-grid\"><\/div>\n\n        <nav class=\"ar-nav-safe\" style=\"position: absolute; top: 0; width: 100%; z-index: 50; padding: 20px 0; border-bottom: 1px solid rgba(255,255,255,0.05);\">\n            <div class=\"ar-container ar-flex ar-justify-between ar-items-center\">\n                <img src=\"https:\/\/cdn.shopify.com\/s\/files\/1\/0693\/7853\/9698\/files\/brand.png?v=1764626105\" alt=\"Age Revive\" class=\"logo-fix\">\n                <div class=\"ar-desktop-only\" style=\"gap: 60px;\">\n                    <a href=\"#science\" class=\"ar-link\">The Axis<\/a>\n                    <a href=\"#science\" class=\"ar-link\">Science<\/a>\n                    <a href=\"#trust\" class=\"ar-link\">Efficacy<\/a>\n                <\/div>\n                <a href=\"\/collections\/all\" class=\"ar-btn-outline\">Shop<\/a>\n            <\/div>\n        <\/nav>\n\n        <div class=\"section-pad\" style=\"padding-top: 180px; padding-bottom: 100px; min-height: 90vh; display: flex; align-items: center;\">\n            <div class=\"ar-container\">\n                <div class=\"ar-grid-12\">\n                    <div class=\"ar-col-5 ar-mobile-center\">\n                        <div class=\"ar-flex ar-items-center ar-mobile-center\" style=\"gap: 16px; margin-bottom: 32px;\">\n                            <div style=\"width: 40px; height: 1px; background: #94a3b8;\"><\/div>\n                            <span class=\"ar-label\" style=\"margin:0;\">Gut-Muscle Axis<\/span>\n                        <\/div>\n                        <h1 class=\"ar-h1\">Cellular Energy.<br><span class=\"text-gold\">Gut Resilience.<\/span><\/h1>\n                        <p class=\"ar-p\">A clinical-grade synbiotic targeting the gut-muscle axis. Urolithin A for mitophagy paired with Tributyrin for barrier integrity.<\/p>\n                        <a href=\"\/products\/cellubiome\" class=\"ar-btn\">Shop Protocol<\/a>\n                    <\/div>\n                    <div class=\"ar-col-7 ar-flex ar-justify-center ar-relative\">\n                        <div class=\"glow-blue\"><\/div>\n                        <img src=\"https:\/\/cdn.shopify.com\/s\/files\/1\/0693\/7853\/9698\/files\/bottle.png?v=1764626105\" alt=\"Cellubiome\" class=\"hd-bottle\">\n                        <div class=\"glass-ui ar-absolute\" style=\"top: 10%; left: 0; padding: 20px; min-width: 160px;\">\n                            <div style=\"color: #4ade80; font-size: 10px; font-weight: 700; letter-spacing: 0.1em; margin-bottom: 8px;\">ACTIVE<\/div>\n                            <div style=\"font-size: 22px; font-weight: 300; color: white;\">Mitophagy<\/div>\n                        <\/div>\n                    <\/div>\n                <\/div>\n            <\/div>\n        <\/div>\n\n        <div class=\"section-pad\">\n            <div class=\"ar-container\">\n                <div class=\"ar-text-center\" style=\"max-width: 700px; margin: 0 auto 80px auto;\">\n                    <span class=\"ar-label\">The Mechanism<\/span>\n                    <h2 class=\"ar-h2\">Mitochondrial Decline <br><span class=\"text-gold\">Is Not Inevitable.<\/span><\/h2>\n                <\/div>\n                <div class=\"ar-grid-3\">\n                    <div class=\"glass-ui\">\n                        <div style=\"font-size: 40px; font-weight: 700; color: rgba(255,255,255,0.05); margin-bottom: 20px;\">01<\/div>\n                        <h3 class=\"ar-h3\">The Crisis<\/h3>\n                        <p class=\"ar-p\" style=\"margin:0; font-size: 14px;\">Cells accumulate damage over time.<\/p>\n                    <\/div>\n                    <div class=\"glass-ui ar-col-2 ar-span-2\">\n                        <div style=\"font-size: 40px; font-weight: 700; color: rgba(255,255,255,0.05); margin-bottom: 20px;\">02<\/div>\n                        <h3 class=\"ar-h3\">Enter Urolithin A<\/h3>\n                        <p class=\"ar-p\" style=\"margin:0; font-size: 14px;\">Triggers the body's innate recycling system.<\/p>\n                    <\/div>\n                    <div class=\"glass-ui\">\n                        <div style=\"font-size: 40px; font-weight: 700; color: rgba(255,255,255,0.05); margin-bottom: 20px;\">03<\/div>\n                        <h3 class=\"ar-h3\">Gut Integrity<\/h3>\n                        <p class=\"ar-p\" style=\"margin:0; font-size: 14px;\">Tributyrin delivers Butyrate directly to the colon.<\/p>\n                    <\/div>\n                    <div class=\"glass-ui ar-col-2 ar-span-2\">\n                        <div style=\"font-size: 40px; font-weight: 700; color: rgba(255,255,255,0.05); margin-bottom: 20px;\">04<\/div>\n                        <h3 class=\"ar-h3\">Systemic Renewal<\/h3>\n                        <p class=\"ar-p\" style=\"margin:0; font-size: 14px;\">Closed loop of biological efficiency.<\/p>\n                    <\/div>\n                <\/div>\n            <\/div>\n        <\/div>\n\n        <div class=\"section-pad\" style=\"background: rgba(0,0,0,0.2);\">\n            <div class=\"ar-container\">\n                <div class=\"ar-grid-12 ar-mobile-rev\">\n                    <div class=\"ar-col-6 ar-flex ar-justify-center ar-relative\">\n                        <div class=\"glow-blue\"><\/div>\n                        <img src=\"https:\/\/cdn.shopify.com\/s\/files\/1\/0693\/7853\/9698\/files\/bottle_nad.png?v=1764626105\" alt=\"Cellunad\" class=\"hd-bottle\">\n                    <\/div>\n                    <div class=\"ar-col-6 ar-mobile-center\">\n                        <div class=\"product-badge\" style=\"border: 1px solid #60a5fa; color: #bfdbfe; display: inline-block; padding: 6px 14px; border-radius: 50px; font-size: 10px; letter-spacing: 0.1em; text-transform: uppercase; margin-bottom: 20px;\">Daily Energy Stack<\/div>\n                        <h2 class=\"ar-h2\">Ignite Cellular <br><span class=\"text-metallic\">Metabolism.<\/span><\/h2>\n                        \n                        <div class=\"ar-mobile-row\" style=\"margin-bottom: 40px;\">\n                            <div><div style=\"font-size: 28px; font-weight: 300;\">500mg<\/div><div class=\"ar-label\" style=\"margin:0;\">NR<\/div><\/div>\n                            <div><div style=\"font-size: 28px; font-weight: 300;\">200mg<\/div><div class=\"ar-label\" style=\"margin:0;\">R-Lipoic<\/div><\/div>\n                            <div><div style=\"font-size: 28px; font-weight: 300;\">250mg<\/div><div class=\"ar-label\" style=\"margin:0;\">TMG<\/div><\/div>\n                        <\/div>\n                        <a href=\"\/products\/cellunad-plus\" class=\"ar-btn\" style=\"background: #2563eb !important; color: white !important; width: 100%;\">Shop Cellunad+<\/a>\n                    <\/div>\n                <\/div>\n            <\/div>\n        <\/div>\n\n        <div class=\"section-pad\">\n            <div class=\"ar-container\">\n                <div class=\"ar-grid-12\">\n                    <div class=\"ar-col-6 ar-mobile-center\">\n                        <div class=\"product-badge\" style=\"border: 1px solid #c084fc; color: #e9d5ff; display: inline-block; padding: 6px 14px; border-radius: 50px; font-size: 10px; letter-spacing: 0.1em; text-transform: uppercase; margin-bottom: 20px;\">7-Day Reset<\/div>\n                        <h2 class=\"ar-h2\">The Autophagy <br><span class=\"text-gold\">Protocol.<\/span><\/h2>\n                        <div class=\"ar-mobile-row\" style=\"margin-bottom: 40px;\">\n                            <div><div style=\"font-size: 28px; font-weight: 300;\">Senolytic<\/div><div class=\"ar-label\" style=\"margin:0;\">Cleanse<\/div><\/div>\n                            <div><div style=\"font-size: 28px; font-weight: 300;\">7 Days<\/div><div class=\"ar-label\" style=\"margin:0;\">Pulse<\/div><\/div>\n                            <div><div style=\"font-size: 28px; font-weight: 300;\">15mg<\/div><div class=\"ar-label\" style=\"margin:0;\">Spermidine<\/div><\/div>\n                        <\/div>\n                        <a href=\"\/products\/cellunova\" class=\"ar-btn\" style=\"background: #9333ea !important; color: white !important; width: 100%;\">Shop Cellunova<\/a>\n                    <\/div>\n                    <div class=\"ar-col-6 ar-flex ar-justify-center ar-relative\">\n                        <div class=\"glow-purple\"><\/div>\n                        <img src=\"https:\/\/cdn.shopify.com\/s\/files\/1\/0693\/7853\/9698\/files\/bottle_nova.png?v=1764626105\" alt=\"Cellunova\" class=\"hd-bottle\">\n                    <\/div>\n                <\/div>\n            <\/div>\n        <\/div>\n\n        <div class=\"section-pad\" style=\"background: #1a1f2e;\">\n            <div class=\"ar-container\">\n                <div class=\"ar-mobile-center\" style=\"max-width: 800px; margin: 0 auto 80px auto; text-align: center;\">\n                    <span class=\"ar-label\">Total Biological Architecture<\/span>\n                    <h2 class=\"ar-h2\">The 9 Pillars of <br><span class=\"text-gold\">Systemic Aging.<\/span><\/h2>\n                <\/div>\n                \n                <div class=\"ar-grid-3\">\n                    <div class=\"pillar-box\"><i data-lucide=\"dna\" style=\"color: #94a3b8; width: 24px;\"><\/i><div><h4 style=\"color: white; font-size: 14px; margin-bottom: 4px;\">Genomic Instability<\/h4><div style=\"font-size: 10px; color: #94a3b8; text-transform:uppercase;\">DNA Repair<\/div><\/div><\/div>\n                    <div class=\"pillar-box\"><i data-lucide=\"hourglass\" style=\"color: #94a3b8; width: 24px;\"><\/i><div><h4 style=\"color: white; font-size: 14px; margin-bottom: 4px;\">Telomere Attrition<\/h4><div style=\"font-size: 10px; color: #94a3b8; text-transform:uppercase;\">Lifespan<\/div><\/div><\/div>\n                    <div class=\"pillar-box\"><i data-lucide=\"fingerprint\" style=\"color: #94a3b8; width: 24px;\"><\/i><div><h4 style=\"color: white; font-size: 14px; margin-bottom: 4px;\">Epigenetic Alterations<\/h4><div style=\"font-size: 10px; color: #94a3b8; text-transform:uppercase;\">Gene Expression<\/div><\/div><\/div>\n                    \n                    <div class=\"pillar-box\"><i data-lucide=\"layers\" style=\"color: #94a3b8; width: 24px;\"><\/i><div><h4 style=\"color: white; font-size: 14px; margin-bottom: 4px;\">Loss of Proteostasis<\/h4><div style=\"font-size: 10px; color: #94a3b8; text-transform:uppercase;\">Protein Folding<\/div><\/div><\/div>\n                    <div class=\"pillar-box\"><i data-lucide=\"activity\" style=\"color: #94a3b8; width: 24px;\"><\/i><div><h4 style=\"color: white; font-size: 14px; margin-bottom: 4px;\">Nutrient Sensing<\/h4><div style=\"font-size: 10px; color: #94a3b8; text-transform:uppercase;\">Metabolism<\/div><\/div><\/div>\n                    <div class=\"pillar-box\"><i data-lucide=\"zap\" style=\"color: #94a3b8; width: 24px;\"><\/i><div><h4 style=\"color: white; font-size: 14px; margin-bottom: 4px;\">Mitochondrial Dysfunction<\/h4><div style=\"font-size: 10px; color: #94a3b8; text-transform:uppercase;\">Energy Output<\/div><\/div><\/div>\n                    \n                    <div class=\"pillar-box\"><i data-lucide=\"trash-2\" style=\"color: #94a3b8; width: 24px;\"><\/i><div><h4 style=\"color: white; font-size: 14px; margin-bottom: 4px;\">Cellular Senescence<\/h4><div style=\"font-size: 10px; color: #94a3b8; text-transform:uppercase;\">Zombie Cells<\/div><\/div><\/div>\n                    <div class=\"pillar-box\"><i data-lucide=\"refresh-cw\" style=\"color: #94a3b8; width: 24px;\"><\/i><div><h4 style=\"color: white; font-size: 14px; margin-bottom: 4px;\">Stem Cell Exhaustion<\/h4><div style=\"font-size: 10px; color: #94a3b8; text-transform:uppercase;\">Renewal<\/div><\/div><\/div>\n                    <div class=\"pillar-box\"><i data-lucide=\"message-circle\" style=\"color: #94a3b8; width: 24px;\"><\/i><div><h4 style=\"color: white; font-size: 14px; margin-bottom: 4px;\">Altered Communication<\/h4><div style=\"font-size: 10px; color: #94a3b8; text-transform:uppercase;\">Signaling<\/div><\/div><\/div>\n                <\/div>\n            <\/div>\n        <\/div>\n\n        <footer id=\"ar-footer-safe\" style=\"background: #151925; padding: 80px 0; border-top: 1px solid rgba(255,255,255,0.1);\">\n            <div class=\"ar-container\">\n                <div class=\"ar-grid-4 ar-mobile-center\">\n                    <div class=\"ar-col-1\">\n                        <img src=\"https:\/\/cdn.shopify.com\/s\/files\/1\/0693\/7853\/9698\/files\/brand.png?v=1764626105\" alt=\"Age Revive\" class=\"logo-fix\" style=\"margin-bottom: 20px; margin-left: auto; margin-right: auto;\">\n                        <p class=\"ar-p\" style=\"font-size: 12px;\">Advanced nutraceuticals engineered for cellular longevity.<\/p>\n                    <\/div>\n                    <div class=\"ar-col-1\">\n                        <h4 style=\"color: white; font-weight: 700; text-transform: uppercase; letter-spacing: 0.1em; margin-bottom: 20px;\">Shop<\/h4>\n                        <div style=\"display:flex; flex-direction:column; gap:10px; font-size:14px; color:#94a3b8;\">\n                            <a href=\"\/collections\/all\">All Products<\/a>\n                            <a href=\"\/products\/cellubiome\">Cellubiome<\/a>\n                        <\/div>\n                    <\/div>\n                    <div class=\"ar-col-1\">\n                        <h4 style=\"color: white; font-weight: 700; text-transform: uppercase; letter-spacing: 0.1em; margin-bottom: 20px;\">Account<\/h4>\n                        <div style=\"display:flex; flex-direction:column; gap:10px; font-size:14px; color:#94a3b8;\">\n                            <a href=\"\/account\/login\">Login<\/a>\n                            <a href=\"\/account\/register\">Register<\/a>\n                        <\/div>\n                    <\/div>\n                    <div class=\"ar-col-1\">\n                        <h4 style=\"color: white; font-weight: 700; text-transform: uppercase; letter-spacing: 0.1em; margin-bottom: 20px;\">Stay Optimized<\/h4>\n                        <div class=\"ar-flex\">\n                            <input type=\"email\" placeholder=\"Email\" style=\"background: rgba(255,255,255,0.05); border: 1px solid rgba(255,255,255,0.1); color: white; padding: 10px; width: 100%;\">\n                            <button class=\"ar-btn\" style=\"padding: 10px 20px; height: auto;\">JOIN<\/button>\n                        <\/div>\n                    <\/div>\n                <\/div>\n                <div style=\"margin-top: 60px; padding-top: 20px; border-top: 1px solid rgba(255,255,255,0.05); text-align: center; font-size: 10px; color: #94a3b8; text-transform: uppercase; letter-spacing: 0.1em;\">\n                    &copy; 2025 Age Revive.\n                <\/div>\n            <\/div>\n        <\/footer>\n    <\/div>\n    \n    <script>if (typeof lucide !== 'undefined') { lucide.createIcons(); }<\/script>\n<\/div>","mobile-spacing-above":"none","mobile-spacing-below":"none"}},"slideshow":{"type":"slideshow","blocks":{"slide-0":{"type":"image","disabled":true,"settings":{"text-width":"large","text-horizontal-alignment":"left","text-vertical-alignment":"center","image":"shopify:\/\/shop_images\/upscalemedia-transformed_3416e4d9-12a1-4a56-b9b5-05bc552a249a.png","overline":"","title":"Advanced Longevity Supplements","highlight-type":"bold","highlight-color":"#ffdd66","highlight-text":"#000000","description":"<p>Scientifically formulated to support healthy aging and cellular renewal<\/p>","link-url":"shopify:\/\/collections\/all","link-text":"SHOP NOW","mobile-text-alignment":"center","mobile-hide-description":false}}},"block_order":["slide-0"],"disabled":true,"custom_css":[".stacked-text--description p {font-size: 16px;}",".stacked-text--overline h3 {font-size: 14px; font-weight: bolder;}","a.stacked-text--button {border-radius: 0px; color: #fff !important; background-color: #212535 !important; border: 2px solid #212535 !important; font-weight: 500 !important;}","a.stacked-text--button:hover {color: #000 !important; font-weight: 500 !important;}","[data-text-color=\"white\"] [data-transition-button][data-item=\"button\"]:after {background-color: #fff; font-weight: 500 !important;}"],"settings":{"top-border":false,"spacing-above":"none","spacing-below":"none","spacing-around-blocks":false,"arrows-enabled":false,"blocks_per_slide":1,"background-color":"none","white-text":true,"text-style":"eclipse-shadow","text-background-color":"transparent","heading-type":"banner-heading","image-display-type":"medium","aspect-ratio":56,"overlay-style":"darken-top","auto-rotate":false,"rotate-frequency":4,"transition_type":"slide","mobile-spacing-above":"none","mobile-spacing-below":"none","mobile-image-display-type":"large","mobile-aspect-ratio":80,"blocks_per_slide_mobile":"1","mobile-overlay":true}},"scrolling_content_Pzny6D":{"type":"scrolling-content","blocks":{"image_n9Pr6n":{"type":"image","settings":{"image":"shopify:\/\/shop_images\/7ca10bdcdeedfd606eb44e5f1665de6fde33de67-161x61.png","image-height":60,"link":"","hide-on-desktop":false,"mobile-image-height":70,"hide-on-mobile":false}},"image_KmrGUm":{"type":"image","settings":{"image":"shopify:\/\/shop_images\/5678fc3a5eff482357c7ba3c32beb4783d83da3d-133x61_b12221e2-bb9a-471a-8fc0-fa5b5fd2cb3a.png","image-height":60,"link":"","hide-on-desktop":false,"mobile-image-height":70,"hide-on-mobile":false}},"image_zFJMNK":{"type":"image","settings":{"image":"shopify:\/\/shop_images\/fedaac6ed021c1eda1ba1baad765c302af7cbb8b-188x61.png","image-height":60,"link":"","hide-on-desktop":false,"mobile-image-height":70,"hide-on-mobile":false}},"image_petTn3":{"type":"image","settings":{"image":"shopify:\/\/shop_images\/ad8cf25dabb2108b9aebc6bf1a2deffc4965bce1-88x61.png","image-height":60,"link":"","hide-on-desktop":false,"mobile-image-height":70,"hide-on-mobile":false}},"image_XiDf99":{"type":"image","disabled":true,"settings":{"image":"shopify:\/\/shop_images\/FT_The_Financial_Times_logo_wordmark-removebg-preview.png","image-height":25,"link":"","hide-on-desktop":false,"mobile-image-height":70,"hide-on-mobile":false}}},"block_order":["image_n9Pr6n","image_KmrGUm","image_zFJMNK","image_petTn3","image_XiDf99"],"disabled":true,"settings":{"top-border":false,"spacing-above":"none","spacing-below":"none","background-color":"none","parallax-enabled":false,"overlay-style":"darken-bottom","white-text":false,"text-size":"section-heading","animation-direction":"left","gap":48,"animation-speed":7.5,"pause-on-hover":false,"mobile-spacing-above":"none","mobile-spacing-below":"none"}},"icons-row":{"type":"icons-row","blocks":{"icon-1":{"type":"icon","settings":{"icon":"none","icon-image":"shopify:\/\/shop_images\/shape.png","title":"Rigorously Researched","description":"<p>Formulated with clinically-backed ingredients.<\/p>","link-whole-column":"","link-url":"","link-text":""}},"icon-2":{"type":"icon","settings":{"icon":"none","icon-image":"shopify:\/\/shop_images\/GMP.png","title":"Highest Manufacturing Standards","description":"<p>Produced in a cGMP-certified facility.<\/p>","link-whole-column":"","link-url":"shopify:\/\/pages\/science-research","link-text":""}},"icon-3":{"type":"icon","settings":{"icon":"none","icon-image":"shopify:\/\/shop_images\/LabTested.png","title":"Lab-Tested for Potency","description":"<p>Every batch undergoes third-party testing.<\/p>","link-whole-column":"","link-url":"shopify:\/\/pages\/science-research","link-text":""}},"icon_FPEHGT":{"type":"icon","settings":{"icon":"package","icon-image":"shopify:\/\/shop_images\/GlassPackaging.png","title":"Glass Packaging","description":"<p>Avoids microplastics & hormone disruptors.<\/p>","link-whole-column":"","link-url":"","link-text":""}}},"block_order":["icon-1","icon-2","icon-3","icon_FPEHGT"],"disabled":true,"custom_css":[".featured-grid--button {border-radius: 0px; color: #ffff;}","h2.stacked-text--title {color: #000; font-size: 19px;}",".featured-grid--root {margin: 0px 9px 0px 9px; border-radius: 0px;}"],"settings":{"top-border":false,"spacing-above":"full","spacing-below":"full","block-spacing":true,"background-color":"light","white-text":false,"section-alignment":"center","text-alignment":"center","container-width":"4","width":4,"icon-width":60,"overline":"","heading":"Rooted in Quality","description":"","link-url":"shopify:\/\/pages\/mission","link-text":"Learn More","mobile-spacing-above":"full","mobile-spacing-below":"full","mobile-heading-alignment":"center","mobile-width":"2","mobile-media-layout":"grid"}},"featured_collection_4NwR8a":{"type":"featured-collection","disabled":true,"custom_css":["p.product--title {color: #212535; font-weight: 600; font-size: 18px;}","span.product--price {font-style: italic;}","button.product-quick-add--button {background-color: #212535; color: #ffff;}",".product-quick-add--text {color: #ffff;}",".product-quick-add.product-quick-add svg.icon--root.icon--plus path {fill: #fff !important;}","span.product--price {display: none;}"],"settings":{"top-border":false,"spacing-above":"full","spacing-below":"full","background-color":"none","white-text":false,"section-alignment":"center","display-type":"grid","products-per-row--desktop":"3","collection":"frontpage","max-blocks":3,"heading":"Featured Products","subheading":"","link-text":"View collection","link_text1":"","mobile-spacing-above":"full","mobile-spacing-below":"full","mobile-heading-alignment":"center","products-per-row--mobile":"1"}},"testimonials_QnbdDW":{"type":"testimonials","blocks":{"testimonial_papLUT":{"type":"testimonial","settings":{"image":"shopify:\/\/shop_images\/images-removebg-preview.png","link":"","icon":"5","author-role":"","author-name":"Jane D.","description":"<p>“I’ve been using CelluNAD+ for a month, and my energy isincredible!”<\/p>"}},"testimonial_Nn4yi4":{"type":"testimonial","settings":{"image":"shopify:\/\/shop_images\/images-removebg-preview_e2df9c61-519c-4c15-8aac-cbc603c9f1ca.png","link":"","icon":"7","author-role":"","author-name":"Mark R.","description":"<p>“CelluNova is a game-changer. My focus and endurance are betterthan ever.”<\/p>"}},"testimonial_innNJV":{"type":"testimonial","settings":{"image":"shopify:\/\/shop_images\/images-removebg-preview_01a9b8b9-411d-4dab-9133-677f7add7d0a.png","link":"","icon":"9","author-role":"","author-name":"Emily T.","description":"<p>\"The bundle is the perfect balance. I feel younger, sharper, andmore refreshed!”<\/p>"}},"testimonial_VzKpNW":{"type":"testimonial","settings":{"link":"","icon":"quote","author-role":"","author-name":"","description":"<p>Here you can include a short description about the author or their testimonial.<\/p>"}}},"block_order":["testimonial_papLUT","testimonial_Nn4yi4","testimonial_innNJV","testimonial_VzKpNW"],"disabled":true,"custom_css":[".testimonials--image {max-width: 60px;}"],"settings":{"top-border":false,"spacing-above":"full","spacing-below":"full","background-color":"none","text-background-color":"transparent","white-text":false,"section-alignment":"center","text-alignment":"center","container-width":"4","width":3,"image-shape":"natural","overline":"","heading":"What Customers Are Saying","link-url":"","link-text":"","mobile-spacing-above":"half","mobile-spacing-below":"half","mobile-heading-alignment":"center","mobile-width":"1","mobile-media-layout":"slideshow"}},"featured_text_MmmT6f":{"type":"featured-text","disabled":true,"custom_css":["h2.stacked-text--title {color: #212535;}",".stacked-text--overline h3 {color: #919191;}",".stacked-text--button {font-weight: 500; border-radius: 0px;}",".featured-text--root {margin: 0px 9px 0px 9px; border-radius: 12px;}"],"settings":{"top-border":false,"spacing-above":"full","spacing-below":"full","background-color":"light","white-text":false,"text-alignment":"center","heading-type":"section-heading","container-width":"4","overline":"","heading":"9-Pillars of Aging Approach","highlight-type":"italic","highlight-color":"#ffdd66","highlight-text":"#000000","description":"<p><strong>Cutting-Edge Cellular Science<\/strong><\/p><p>Grounded in leading cellular<br\/>biology insights, we’ve developed a comprehensive regimen that<br\/>addresses the 9 key factors influencing how we age.<\/p><p><\/p>","link-url":"shopify:\/\/pages\/science-research","link-text":"Explore Our Research","mobile-spacing-above":"full","mobile-spacing-below":"full"}},"grid_with_overlay_KbpDGY":{"type":"grid-with-overlay","blocks":{"text_dQmFPV":{"type":"text","settings":{"x-blocks":"1","y-blocks":"1","text-background-color":"transparent","white-text":false,"text-width":"large","text-horizontal-alignment":"left","text-vertical-alignment":"center","overline":"","title":"Cellular health changes everything","description":"<p>Mitopure® (Urolithin A), is one of, if not, the most clinically studied compound in longevity science. This postbiotic targets age-related decline at its source: your cells. And the benefits are impressive. Founded by MDs and PhDs and backed by 15+ years of research.<\/p>","link-url":"shopify:\/\/products\/ddpcr-microsatellite-instability-msi-kit-3","link-text":"View More","mobile-text-alignment":"center"}},"image_4xWDtH":{"type":"image","settings":{"x-blocks":"1","y-blocks":"1","text-width":"medium","text-horizontal-alignment":"center","text-vertical-alignment":"center","image":"shopify:\/\/shop_images\/Banner_044-5.png","title":"","link-url":"","link-text":"","mobile-text-alignment":"center"}},"image_CXrxMc":{"type":"image","settings":{"x-blocks":"1","y-blocks":"1","text-width":"medium","text-horizontal-alignment":"center","text-vertical-alignment":"center","image":"shopify:\/\/shop_images\/TestimonialBanner_95539434-bba4-4b6e-9d72-7be58c6c0e53.png","title":"","link-url":"","link-text":"","mobile-text-alignment":"center"}}},"block_order":["text_dQmFPV","image_4xWDtH","image_CXrxMc"],"disabled":true,"custom_css":["picture.image--root {height: 457px;}",".stacked-text--description p {font-size: 16px;}","h2.stacked-text--title {font-size: 35px;}"],"settings":{"top-border":false,"spacing-above":"full","spacing-below":"full","background-color":"none","heading-white-text":false,"section-alignment":"center","container-width":"4","spacing":true,"width":3,"row-height":250,"white-text":true,"text-style":"none","heading-type":"block-heading","overlay-style":"none","overline":"","heading":"","description":"","link-url":"","link-text":"","mobile-spacing-above":"full","mobile-spacing-below":"full","mobile-width":"1","mobile-image-display-type":"aspect-ratio","mobile-aspect-ratio":134}},"testimonials":{"type":"testimonials","blocks":{"testimonial-3":{"type":"testimonial","settings":{"link":"","icon":"quote","author-role":"","author-name":"— Jared M., 46","description":"<p>\"I didn’t realize how depleted I was until I started feeling better. These capsules gave me a new baseline — more energy, better mood, deeper sleep.\"<\/p>"}},"testimonial-1":{"type":"testimonial","settings":{"link":"","icon":"quote","author-role":"","author-name":"— Lena R., 39","description":"<p>\"It’s not like a jolt of energy — it’s steady, focused, calm. I feel more in control of my day, and my body just feels more aligned.\"<\/p>"}},"testimonial-2":{"type":"testimonial","settings":{"link":"","icon":"quote","author-role":"","author-name":"— Amanda K., 37","description":"<p>\"At first I wasn’t sure… but after a month, my recovery time improved, my digestion feels smoother, and I just feel stronger overall.\"<br\/><\/p>"}},"testimonial-4":{"type":"testimonial","settings":{"link":"","icon":"quote","author-role":"","author-name":"— Nina F., 50","description":"<p>\"I feel stronger physically, yes — but also mentally sharper and more emotionally stable. That kind of balance is rare in a supplement.\"<\/p>"}},"testimonial_fBDXwz":{"type":"testimonial","settings":{"link":"","icon":"quote","author-role":"","author-name":"— Daniel C., 44","description":"<p>\"This isn’t hype — it’s real support. Less brain fog, more stamina, and I haven’t gotten sick since I started. It’s now a non-negotiable in my routine.\"<\/p>"}}},"block_order":["testimonial-3","testimonial-1","testimonial-2","testimonial-4","testimonial_fBDXwz"],"disabled":true,"custom_css":[".testimonials--description p {color: #212535;}",".testimonials--button {font-weight: 500; border-radius: 0px;}"],"settings":{"top-border":false,"spacing-above":"full","spacing-below":"full","background-color":"none","text-background-color":"transparent","white-text":false,"section-alignment":"center","text-alignment":"center","container-width":"4","width":5,"image-shape":"circle","overline":"","heading":"Testimonials\/Reviews","link-url":"shopify:\/\/collections\/all","link-text":"See More Reviews","mobile-spacing-above":"full","mobile-spacing-below":"full","mobile-heading-alignment":"left","mobile-width":"2","mobile-media-layout":"slideshow"}},"featured-blog":{"type":"featured-blog","disabled":true,"custom_css":["h3.article-card--heading a {color: #212535; font-size: 16px;}",".article-card--excerpt {color: #919191 !important; font-size: 14px;}",".article-card--image {height: 315px;}","h2.featured-blog--heading {padding-bottom: 20px; font-size: 29px;}",".featured-blog--root {margin: 0px 9px 0px 9px; border-radius: 12px;}"],"settings":{"top-border":false,"spacing-above":"full","spacing-below":"full","background-color":"light","white-text":false,"section-alignment":"center","block-alignment":"center","container-width":"5","tag-select":"pinned","show-cta":true,"show-date":false,"show-excerpt":true,"blog":"news","blog-heading":"Educational Blog Teasers","view-more-text":"","mobile-spacing-above":"full","mobile-spacing-below":"full","mobile-heading-alignment":"center","mobile-media-layout":"grid"}},"newsletter_9qe8hc":{"type":"newsletter","disabled":true,"custom_css":[".subscribe-form {border-bottom: 1px solid #f1f1f1; background-color: #f1f1f1;}"],"settings":{"top-border":false,"spacing-above":"full","spacing-below":"full","background-color":"none","container-width":"5","white-text":false,"heading-type":"section-heading","text-alignment":"left","text-position":"left","image-disabled":false,"image-display-type":"x-small","aspect-ratio":56,"parallax-enabled":false,"image":"shopify:\/\/shop_images\/Banner_03_1195186a-7bc3-4d15-ba9f-953b2265329c.png","overline":"","heading":"Stay informed on the latest breakthroughs in healthy aging.","highlight-type":"italic","highlight-color":"#ffdd66","highlight-text":"#000000","description":"","mobile-spacing-above":"full","mobile-spacing-below":"full","mobile-image-display-type":"original","mobile-aspect-ratio":134,"mobile-text-alignment":"left"}}},"order":["age_revive_home_EKkaAa","custom_liquid_rd7XkE","slideshow","scrolling_content_Pzny6D","icons-row","featured_collection_4NwR8a","testimonials_QnbdDW","featured_text_MmmT6f","grid_with_overlay_KbpDGY","testimonials","featured-blog","newsletter_9qe8hc"]}