{"sections":{"main":{"type":"list-collections","settings":{"view":"collection-thumbnails","spacing-above":"full","spacing-below":"full","section-alignment":"center","collection-list":[],"heading":"Collections","container-width":"4","width":4,"white-text":true,"text-style":"none","heading-type":"block-heading","image-type":"collection","overlay-style":"darken-bottom","spacing":true,"mobile-spacing-above":"half","mobile-spacing-below":"half","mobile-width":"2","mobile-overlay":true}}},"order":["main"]}