{"sections":{"16324399488a55ecb4":{"type":"featured-text","disabled":true,"settings":{"top-border":false,"spacing-above":"full","spacing-below":"full","background-color":"none","white-text":false,"text-alignment":"center","heading-type":"section-heading","container-width":"1","overline":"","heading":"FAQs","highlight-type":"italic","highlight-color":"#ffdd66","highlight-text":"#000000","description":"<p>Introduce your brand, products and vision statement and welcome customers to your store.<\/p>","link-url":"\/","link-text":"Optional link","mobile-spacing-above":"half","mobile-spacing-below":"half"}},"main":{"type":"page","disabled":true,"settings":{"show-title":false,"background-color":"none","white-text":false,"container-width":"2","spacing-above":"none","spacing-below":"full","mobile-spacing-above":"half","mobile-spacing-below":"half"}},"16324397781a8be68b":{"type":"collapsible-rows","blocks":{"16324397781a8be68b-0":{"type":"collapsible-row","settings":{"heading":"• How long does it take to see results?","description":"<p>◦ Many notice improved energy in weeks, but full benefits take 2–3 months.<br\/><\/p>","page-content":"","default-open":false}},"16324397781a8be68b-1":{"type":"collapsible-row","settings":{"heading":"• Can I combine this with CELLUNOVA?","description":"<p>◦ Yes! CELLUNAD+ supports daily NAD+, while CELLUNOVA provides monthly cellular cleanup.<\/p>","page-content":"","default-open":false}},"16324397781a8be68b-2":{"type":"collapsible-row","settings":{"heading":"• Will it interfere with fasting?","description":"<p>◦ No significant caloric impact—NAD+ boosters may complement fasting benefits.<\/p>","page-content":"","default-open":false}},"collapsible_row_CMdkhQ":{"type":"collapsible-row","settings":{"heading":"• Can I combine this with CELLUNOVA?","description":"<p>◦ Yes! CELLUNAD+ supports daily NAD+, while CELLUNOVA provides monthly cellular cleanup.<\/p>","page-content":"","default-open":false}},"a6080b6f-76b2-411e-84ba-9bbd1dbedff2":{"type":"collapsible-row","settings":{"heading":"• Will it interfere with fasting?","description":"<p>◦ No significant caloric impact—NAD+ boosters may complement fasting benefits.<\/p>","page-content":"","default-open":false}},"collapsible_row_TxemK8":{"type":"collapsible-row","settings":{"heading":"• How long does it take to see results?","description":"<p>◦ Many notice improved energy in weeks, but full benefits take 2–3 months.<br\/><\/p>","page-content":"","default-open":false}}},"block_order":["16324397781a8be68b-0","16324397781a8be68b-1","16324397781a8be68b-2","collapsible_row_CMdkhQ","a6080b6f-76b2-411e-84ba-9bbd1dbedff2","collapsible_row_TxemK8"],"settings":{"top-border":false,"spacing-above":"full","spacing-below":"full","background-color":"none","white-text":false,"container-width":"3","two-columns-enabled":true,"heading":"FAQs","heading-alignment":"center","mobile-spacing-above":"half","mobile-spacing-below":"half"}}},"order":["16324399488a55ecb4","main","16324397781a8be68b"]}