{"sections":{"1632436597fbc1d0e4":{"type":"image-with-text","settings":{"top-border":false,"spacing-above":"none","spacing-below":"half","background-color":"none","container-width":"6","white-text":false,"overlap":false,"heading-type":"section-heading","text-position":"overlay","text-horizontal-alignment":"center","text-vertical-alignment":"center","text-width":"medium","text-style":"none","text-background-color":"transparent","image-display-type":"medium","aspect-ratio":56,"overlay-style":"none","parallax-enabled":false,"image":"shopify:\/\/shop_images\/360_F_530960431_c8fPd3HansYvrSJ4fJxZqp9OhjQmYoll.png","overline":"Contact us","title":"Get in touch","highlight-type":"italic","highlight-color":"#ffdd66","highlight-text":"#000000","description":"","link-url":"","link-text":"","mobile-spacing-above":"half","mobile-spacing-below":"half","mobile-overlay":true,"mobile-hide-description":false,"mobile-image-display-type":"original","mobile-aspect-ratio":134,"mobile-text-alignment":"center"}},"main":{"type":"page","settings":{"show-title":false,"background-color":"none","white-text":false,"container-width":"1","spacing-above":"none","spacing-below":"full","mobile-spacing-above":"half","mobile-spacing-below":"half"}},"16324378141979f11c":{"type":"featured-text","settings":{"top-border":false,"spacing-above":"none","spacing-below":"full","background-color":"none","white-text":false,"text-alignment":"center","heading-type":"section-heading","container-width":"1","overline":"","heading":"","highlight-type":"italic","highlight-color":"#ffdd66","highlight-text":"#000000","description":"<p><strong>Introduce your brand, products and vision statement and welcome customers to your store.<\/strong><\/p>","link-url":"shopify:\/\/collections\/all","link-text":"Explore more","mobile-spacing-above":"none","mobile-spacing-below":"half"}},"1632180071f18cee62":{"type":"contact","settings":{"top-border":false,"spacing-above":"none","spacing-below":"full","background-color":"none","white-text":false,"heading-alignment":"center","container-width":"2","heading":"","store-address":"842 Beech Street\nMountain View, CA 94041","store-hours":"<p>Monday - Friday<br\/>12pm - 8pm<br\/><br\/>Saturday - Sunday<br\/>12pm - 5pm<\/p>","show-social-sharing":true,"mobile-spacing-above":"half","mobile-spacing-below":"half"}}},"order":["1632436597fbc1d0e4","main","16324378141979f11c","1632180071f18cee62"]}