{"sections":{"image_with_text_cGURbX":{"type":"image-with-text","custom_css":[".stacked-text--button {font-weight: bold;}"],"settings":{"top-border":false,"spacing-above":"none","spacing-below":"half","background-color":"none","container-width":"6","white-text":true,"overlap":false,"heading-type":"featured-heading","text-position":"overlay","text-horizontal-alignment":"left","text-vertical-alignment":"center","text-width":"medium","text-style":"none","text-background-color":"transparent","image-display-type":"small","aspect-ratio":56,"overlay-style":"darken-top","parallax-enabled":false,"image":"shopify:\/\/shop_images\/Banner_05_afed65c7-aefd-445b-97e1-6bac5de1c4f0.png","overline":"Cutting-Edge Research for Cellular Health & Longevity","title":"The Science Behind Age Revive","highlight-type":"italic","highlight-color":"#ffdd66","highlight-text":"#000000","description":"<p><em>Discover how <\/em><em><strong>CELLUNOVA<\/strong><\/em><em> and <\/em><em><strong>CELLUNAD+<\/strong><\/em><em> work together to optimize<br\/>healthy aging.<\/em><\/p>","link-url":"https:\/\/agerevive.com\/pages\/science\/#shopify-section-template--18197587984562__image_with_text_kjRjBP","link-text":"EXPLORE CELLUNOVA’S SCIENCE","mobile-spacing-above":"none","mobile-spacing-below":"half","mobile-overlay":true,"mobile-hide-description":false,"mobile-image-display-type":"aspect-ratio","mobile-aspect-ratio":134,"mobile-text-alignment":"center"}},"main":{"type":"page","disabled":true,"settings":{"show-title":true,"background-color":"none","white-text":false,"container-width":"4","spacing-above":"full","spacing-below":"full","mobile-spacing-above":"half","mobile-spacing-below":"half"}},"icons_row_qkgJKN":{"type":"icons-row","blocks":{"icon_AbiQFF":{"type":"icon","settings":{"icon":"none","icon-image":"shopify:\/\/shop_images\/DALL_E_2025-02-18_12.20.52_-_A_minimalistic_icon_representing__Mitochondrial_Health_._The_icon_features_a_stylized_mitochondrion_with_a_glowing_core__symbolizing_energy_production-rem_a2bc6f21-2e79-4ba0-be45-4cf4ebdbaef3.png","title":"Cellular Renewal & Senescence Clearance","description":"<p><em>lears out aging “zombie” cells to lower inflammation and<br\/>promote regeneration<\/em><\/p>","link-whole-column":"","link-url":"","link-text":""}},"icon_i7tNDe":{"type":"icon","settings":{"icon":"none","icon-image":"shopify:\/\/shop_images\/nad-icon-removebg-preview.png","title":"<span class=\"nd_enh\">NAD+<\/span> Enhancement","description":"<p><em>Replenishes cellular energy and supports DNA repair.<\/em><\/p>","link-whole-column":"","link-url":"","link-text":""}},"icon_YXtWTz":{"type":"icon","settings":{"icon":"none","icon-image":"shopify:\/\/shop_images\/New_Project_24.png","title":"Mitochondrial Health","description":"<p><em>Enhances ATP production for sustained energy and cellular resilience.<\/em><\/p>","link-whole-column":"","link-url":"","link-text":""}},"icon_bHAgma":{"type":"icon","settings":{"icon":"none","icon-image":"shopify:\/\/shop_images\/New_Project_25.png","title":"Autophagy & Oxidative\tDefense","description":"<p><em>Activates the body’s natural detoxification process for longevity.<\/em><\/p>","link-whole-column":"","link-url":"","link-text":""}}},"block_order":["icon_AbiQFF","icon_i7tNDe","icon_YXtWTz","icon_bHAgma"],"custom_css":["span.nd_enh {font-weight: 600;}"],"settings":{"top-border":false,"spacing-above":"full","spacing-below":"full","block-spacing":true,"background-color":"none","white-text":false,"section-alignment":"center","text-alignment":"center","container-width":"4","width":2,"icon-width":60,"overline":"","heading":"The Four Pillars of Longevity Science","description":"","link-url":"","link-text":"","mobile-spacing-above":"half","mobile-spacing-below":"half","mobile-heading-alignment":"center","mobile-width":"1","mobile-media-layout":"grid"}},"image_with_text_kjRjBP":{"type":"image-with-text","custom_css":["span.celnov {font-weight: 600;}"],"settings":{"top-border":false,"spacing-above":"half","spacing-below":"half","background-color":"none","container-width":"6","white-text":true,"overlap":false,"heading-type":"featured-heading","text-position":"overlay","text-horizontal-alignment":"left","text-vertical-alignment":"center","text-width":"medium","text-style":"none","text-background-color":"transparent","image-display-type":"small","aspect-ratio":56,"overlay-style":"darken","parallax-enabled":false,"image":"shopify:\/\/shop_images\/Banner_06.png","overline":"Cutting-Edge Research for Cellular Health & Longevity","title":"CELLUNOVA: Advanced Cellular Renewal & Autophagy","highlight-type":"italic","highlight-color":"#ffdd66","highlight-text":"#000000","description":"<p><em>Clearing out senescent “zombie” cells while fortifying<br\/>mitochondria for renewed energy and vitality.<\/em><\/p>","link-url":"","link-text":"","mobile-spacing-above":"none","mobile-spacing-below":"half","mobile-image":"shopify:\/\/shop_images\/Banner_06_Mobile.png","mobile-overlay":true,"mobile-hide-description":false,"mobile-image-display-type":"aspect-ratio","mobile-aspect-ratio":134,"mobile-text-alignment":"center"}},"featured_text_kxi4jt":{"type":"featured-text","custom_css":[],"settings":{"top-border":false,"spacing-above":"half","spacing-below":"half","background-color":"none","white-text":false,"text-alignment":"center","heading-type":"section-heading","container-width":"4","overline":"","heading":"","highlight-type":"italic","highlight-color":"#ffdd66","highlight-text":"#000000","description":"<p><em><strong>CELLUNOVA<\/strong><\/em><em> helps ‘clean house’ by removing dysfunctional cells,<br\/>supporting autophagy, and fortifying mitochondria—laying the<br\/>groundwork for healthier aging.<\/em><\/p>","link-url":"\/","link-text":"","mobile-spacing-above":"half","mobile-spacing-below":"half"}},"icons_row_xk6GpY":{"type":"icons-row","blocks":{"icon_KnLeyT":{"type":"icon","settings":{"icon":"none","icon-image":"shopify:\/\/shop_images\/New_Project_26.png","title":"Senolytic Complex\t(Quercetin & Fisetin)","description":"<p><em>Clears out aging “zombie” cells that secrete harmful inflammatory factors.<\/em><\/p><p><strong>Source: <\/strong>Kirkland JL et al., “Senolytics improve physiological function,”<br\/>Nature Medicine (2017)<br\/>\t<\/p><p><\/p>","link-whole-column":"","link-url":"https:\/\/www.nature.com\/articles\/nm.4324","link-text":"Read More"}},"icon_CwYFMh":{"type":"icon","settings":{"icon":"none","icon-image":"shopify:\/\/shop_images\/New_Project_27.png","title":"Mitochondrial Support\t(NAC, PQQ, Astaxanthin)","description":"<p><em>Enhances mitochondrial energy production while reducing oxidative stress.<\/em><\/p><p><strong>Source:  <\/strong>Chowanadisai W et al., “Pyrroloquinoline quinone (PQQ) stimulates mitochondrial biogenesis,” Journal of Biological Chemistry (2010)<\/p>","link-whole-column":"","link-url":"#","link-text":"Read More"}},"icon_Xjcfde":{"type":"icon","settings":{"icon":"none","icon-image":"shopify:\/\/shop_images\/New_Project_28.png","title":"Alpha-Ketoglutarate\t(AKG)","description":"<p><em>Enhances ATP production and longevity pathways.<br\/><br\/><\/em><strong>Source: <\/strong>Chin RM et al., “Alpha-Ketoglutarate extends lifespan,” PubMed<br\/>(2020)<\/p>","link-whole-column":"","link-url":"https:\/\/pubmed.ncbi.nlm.nih.gov\/32103189\/","link-text":"Read More"}},"icon_g7NPp6":{"type":"icon","settings":{"icon":"none","icon-image":"shopify:\/\/shop_images\/New_Project_29.png","title":"Spermidine &\tAutophagy","description":"<p><em>Triggers autophagy for cellular rejuvenation.<\/em><\/p><p><strong>Source: <\/strong>Madeo F et al., “Spermidine triggers autophagy and extends lifespan,” Nature Medicine (2018)<\/p>","link-whole-column":"","link-url":"https:\/\/www.nature.com\/articles\/nm.4502","link-text":"Read More"}}},"block_order":["icon_KnLeyT","icon_CwYFMh","icon_Xjcfde","icon_g7NPp6"],"custom_css":[],"settings":{"top-border":false,"spacing-above":"full","spacing-below":"full","block-spacing":true,"background-color":"none","white-text":false,"section-alignment":"center","text-alignment":"center","container-width":"4","width":2,"icon-width":60,"overline":"","heading":"Key Mechanisms","description":"","link-url":"","link-text":"","mobile-spacing-above":"half","mobile-spacing-below":"half","mobile-heading-alignment":"center","mobile-width":"1","mobile-media-layout":"grid"}},"icons_row_ejiD4c":{"type":"icons-row","blocks":{"icon_BRcKD8":{"type":"icon","settings":{"icon":"none","icon-image":"shopify:\/\/shop_images\/New_Project_30.png","title":"Research-Backed","description":"<p>Each ingredient is supported by <strong>clinical studies<\/strong>.<\/p>","link-whole-column":"","link-url":"","link-text":""}},"icon_4DGEmc":{"type":"icon","settings":{"icon":"none","icon-image":"shopify:\/\/shop_images\/New_Project_31.png","title":"Multi-Pathway Formula","description":"<p>Targets <strong>senolysis, autophagy, and mitochondrial support<\/strong>.<\/p>","link-whole-column":"","link-url":"","link-text":""}},"icon_64CUbH":{"type":"icon","settings":{"icon":"none","icon-image":"shopify:\/\/shop_images\/New_Project_32.png","title":"Premium Ingredients","description":"<p><strong>No fillers, only patented bioavailable forms<\/strong> (BioPerine® for<br\/>absorption).<\/p>","link-whole-column":"","link-url":"","link-text":""}},"icon_hmDyjd":{"type":"icon","settings":{"icon":"none","icon-image":"shopify:\/\/shop_images\/New_Project_33.png","title":"Third-Party Tested","description":"<p>Manufactured in a <strong>cGMP-certified facility<\/strong><\/p>","link-whole-column":"","link-url":"","link-text":""}}},"block_order":["icon_BRcKD8","icon_4DGEmc","icon_64CUbH","icon_hmDyjd"],"custom_css":[],"settings":{"top-border":false,"spacing-above":"full","spacing-below":"full","block-spacing":true,"background-color":"none","white-text":false,"section-alignment":"center","text-alignment":"center","container-width":"4","width":4,"icon-width":60,"overline":"","heading":"Why Choose CELLUNOVA?","description":"","link-url":"","link-text":"","mobile-spacing-above":"half","mobile-spacing-below":"half","mobile-heading-alignment":"center","mobile-width":"1","mobile-media-layout":"grid"}},"collapsible_rows_N9J4kW":{"type":"collapsible-rows","blocks":{"collapsible_row_dBVffn":{"type":"collapsible-row","settings":{"heading":"How long does it take to see results?","description":"<p><em>Typically 2–3 months for full benefits<\/em><\/p>","page-content":"","default-open":false}},"collapsible_row_XKU7eD":{"type":"collapsible-row","settings":{"heading":"Should I cycle the supplement?","description":"<p><em>Continuous or pulse dosing both work<\/em><\/p>","page-content":"","default-open":false}},"collapsible_row_f3QDzi":{"type":"collapsible-row","settings":{"heading":"s it safe with other supplements?","description":"<p><em>Generally safe, but check interactions.<\/em><\/p>","page-content":"","default-open":false}},"collapsible_row_Feihbd":{"type":"collapsible-row","settings":{"heading":"Does this break a fast?","description":"<p><em>Minimal calories; may support fasting benefits.<\/em><\/p>","page-content":"","default-open":false}}},"block_order":["collapsible_row_dBVffn","collapsible_row_XKU7eD","collapsible_row_f3QDzi","collapsible_row_Feihbd"],"custom_css":[".collapsible-row--heading {font-weight: 600;}"],"settings":{"top-border":false,"spacing-above":"half","spacing-below":"half","background-color":"none","white-text":false,"container-width":"3","two-columns-enabled":false,"heading":"FAQs","heading-alignment":"center","mobile-spacing-above":"half","mobile-spacing-below":"half"}},"image_with_text_jgPzay":{"type":"image-with-text","custom_css":[".stacked-text--button {font-weight: bold;}"],"settings":{"top-border":false,"spacing-above":"half","spacing-below":"half","background-color":"none","container-width":"6","white-text":true,"overlap":false,"heading-type":"featured-heading","text-position":"overlay","text-horizontal-alignment":"left","text-vertical-alignment":"center","text-width":"medium","text-style":"none","text-background-color":"transparent","image-display-type":"small","aspect-ratio":56,"overlay-style":"darken","parallax-enabled":false,"image":"shopify:\/\/shop_images\/01_nad_81803505-8922-4e41-bcb3-5778f47d6236.png","overline":"","title":"CELUNAD+: NAD+ Enhancement & Mitochondrial Revitalization","highlight-type":"italic","highlight-color":"#ffdd66","highlight-text":"#000000","description":"<p><em>Refilling your cells’ energy currency (NAD+) and supporting metabolic resilience for healthy aging.<\/em><\/p>","link-url":"https:\/\/agerevive.com\/collections\/frontpage","link-text":"VIEW PRODUCTS","mobile-spacing-above":"none","mobile-spacing-below":"half","mobile-image":"shopify:\/\/shop_images\/Banner_05_Mobile_8eb9f71e-87ee-4007-ad39-93338fac637e.png","mobile-overlay":true,"mobile-hide-description":false,"mobile-image-display-type":"aspect-ratio","mobile-aspect-ratio":134,"mobile-text-alignment":"center"}},"featured_text_b9WRnF":{"type":"featured-text","custom_css":[],"settings":{"top-border":false,"spacing-above":"half","spacing-below":"half","background-color":"none","white-text":false,"text-alignment":"center","heading-type":"section-heading","container-width":"4","overline":"","heading":"","highlight-type":"italic","highlight-color":"#ffdd66","highlight-text":"#000000","description":"<p><em><strong>CELLUNAD+<\/strong><\/em><em> boosts <\/em><em><strong>NAD+<\/strong><\/em><em>, protects against depletion, and supports mitochondrial function for energy, longevity, and metabolic resilience.<\/em><\/p>","link-url":"\/","link-text":"","mobile-spacing-above":"half","mobile-spacing-below":"half"}},"icons_row_7RbWYn":{"type":"icons-row","blocks":{"icon_YErmgC":{"type":"icon","settings":{"icon":"none","icon-image":"shopify:\/\/shop_images\/New_Project_36.png","title":"Nicotinamide Riboside\t(NR)","description":"<p><em>A direct precursor for <\/em><em><strong>NAD+ <\/strong><\/em><em>synthesis.<\/em><\/p><p><strong>Source: <\/strong>Martens CR et al., “Chronic NR supplementation elevates <strong>NAD+<\/strong>,” Nature Communications.<\/p>","link-whole-column":"","link-url":"https:\/\/www.nature.com\/articles\/s41467-018-03421-7","link-text":"Read More"}},"icon_kJkRbh":{"type":"icon","settings":{"icon":"none","icon-image":"shopify:\/\/shop_images\/New_Project_35_7bcb07ec-ccb1-41c8-a934-edda13973bd8.png","title":"Apigenin (CD38 Inhibitor)","description":"<p><em>Blocks the enzyme that depletes NAD+.<\/em><\/p><p><strong>Source: <\/strong>Covarrubias AJ et al., “Flavonoid apigenin is an inhibitor of CD38,” Biochem J. (2013)<\/p>","link-whole-column":"","link-url":"#","link-text":"Read More"}},"icon_zy7Yi4":{"type":"icon","settings":{"icon":"none","icon-image":"shopify:\/\/shop_images\/New_Project_37.png","title":"R-Lipoic Acid","description":"<p><em>Protects mitochondrial function and enhances metabolism.<\/em><\/p><p><strong>Source: <\/strong>Hagen TM et al., “Lipoic acid’s impact on mitochondrial aging,” FASEB J.<\/p>","link-whole-column":"","link-url":"https:\/\/faseb.onlinelibrary.wiley.com\/doi\/full\/10.1096\/fj.99-0443rev","link-text":"Read More"}},"icon_Kdqkyt":{"type":"icon","settings":{"icon":"none","icon-image":"shopify:\/\/shop_images\/New_Project_38.png","title":"Methylation\tSupport (B-Complex)","description":"<p><em>Prevents homocysteine buildup for safe <\/em><em><strong>NAD+<\/strong><\/em><em> recycling.<\/em><\/p><p><strong>Source: <\/strong>About <strong>NAD<\/strong>.com: “Methylation & <strong>NAD+<\/strong> Recycling.”<\/p>","link-whole-column":"","link-url":"https:\/\/aboutnad.com\/","link-text":"Read More"}}},"block_order":["icon_YErmgC","icon_kJkRbh","icon_zy7Yi4","icon_Kdqkyt"],"custom_css":[],"settings":{"top-border":false,"spacing-above":"half","spacing-below":"half","block-spacing":true,"background-color":"none","white-text":false,"section-alignment":"center","text-alignment":"center","container-width":"4","width":2,"icon-width":60,"overline":"","heading":"Key Mechanisms","description":"","link-url":"","link-text":"","mobile-spacing-above":"half","mobile-spacing-below":"half","mobile-heading-alignment":"center","mobile-width":"1","mobile-media-layout":"grid"}},"icons_row_BJRb34":{"type":"icons-row","blocks":{"icon_UMWpP8":{"type":"icon","settings":{"icon":"none","icon-image":"shopify:\/\/shop_images\/New_Project_39.png","title":"","description":"<p>Clinically Studied <strong>NAD+ <\/strong>Boosters<\/p>","link-whole-column":"","link-url":"","link-text":""}},"icon_VzbGjf":{"type":"icon","settings":{"icon":"none","icon-image":"shopify:\/\/shop_images\/New_Project_40.png","title":"","description":"<p>Targets Multiple Aging\tPathways<\/p>","link-whole-column":"","link-url":"","link-text":""}},"icon_tyJUgg":{"type":"icon","settings":{"icon":"none","icon-image":"shopify:\/\/shop_images\/New_Project_41.png","title":"","description":"<p>Premium, High-Absorption\tFormula<\/p>","link-whole-column":"","link-url":"","link-text":""}},"icon_6Ww63g":{"type":"icon","settings":{"icon":"none","icon-image":"shopify:\/\/shop_images\/New_Project_42.png","title":"","description":"<p>Tested for Purity & Potency<\/p>","link-whole-column":"","link-url":"","link-text":""}}},"block_order":["icon_UMWpP8","icon_VzbGjf","icon_tyJUgg","icon_6Ww63g"],"custom_css":[],"settings":{"top-border":false,"spacing-above":"half","spacing-below":"half","block-spacing":true,"background-color":"none","white-text":false,"section-alignment":"center","text-alignment":"center","container-width":"4","width":4,"icon-width":60,"overline":"","heading":"Why Choose CELLUNAD+?","description":"","link-url":"","link-text":"","mobile-spacing-above":"half","mobile-spacing-below":"none","mobile-heading-alignment":"center","mobile-width":"1","mobile-media-layout":"grid"}}},"order":["image_with_text_cGURbX","main","icons_row_qkgJKN","image_with_text_kjRjBP","featured_text_kxi4jt","icons_row_xk6GpY","icons_row_ejiD4c","collapsible_rows_N9J4kW","image_with_text_jgPzay","featured_text_b9WRnF","icons_row_7RbWYn","icons_row_BJRb34"]}