{"sections":{"product_page_banner_PnkFqf":{"type":"product-page-banner","disabled":true,"custom_css":["@media only screen and (max-width: 767px) {.stacked-text--title {color: #212535 !important; text-align: center !important; } .stacked-text--description {color: #212535 !important; text-align: center !important; } .stacked-text--wrapper {align-items: center !important; }}"],"settings":{"top-border":false,"spacing-above":"none","spacing-below":"none","background-color":"none","container-width":"6","white-text":true,"overlap":false,"heading-type":"section-heading","text-position":"overlay","text-horizontal-alignment":"left","text-vertical-alignment":"center","text-width":"medium","text-style":"none","text-background-color":"transparent","image-display-type":"original","aspect-ratio":56,"overlay-style":"none","parallax-enabled":false,"image":"{{ product.metafields.custom.hero_banner.value }}","overline":"","title":"{{ product.metafields.custom.hero_product_name.value }}","highlight-type":"italic","highlight-color":"#ffdd66","highlight-text":"#000000","description":"<p>{{ product.metafields.custom.hero_product_subheading | metafield_tag }}<\/p>","mobile-spacing-above":"none","mobile-spacing-below":"half","mobile-image":"{{ product.metafields.custom.hero_banner_mobile.value }}","mobile-overlay":false,"mobile-hide-description":false,"mobile-image-display-type":"original","mobile-aspect-ratio":62,"mobile-text-alignment":"center"}},"main":{"type":"main-product","blocks":{"heading":{"type":"heading","settings":{}},"loox_reviews_loox_rating_UcYUq9":{"type":"shopify:\/\/apps\/loox-reviews\/blocks\/loox-rating\/5c3b337f-fd14-4df5-b1d6-80ec13e6e28e","settings":{"contentSize":16,"pattern":"","hideText":false,"alignment":"","layout":"","textColor":"","starColor":"","showAllReviews":false,"looxOpenFloatingWidget":true,"emptyRatingWidget":true}},"liquid_DnbRqb":{"type":"liquid","disabled":true,"settings":{"custom-liquid":"{{ product.metafields.custom.product_title }}"}},"price":{"type":"price","settings":{}},"overline_tp7KJK":{"type":"overline","disabled":true,"settings":{"overline":""}},"description":{"type":"description","disabled":true,"settings":{"collapsible-row-enabled":false,"heading":""}},"liquid_UNqjjK":{"type":"liquid","settings":{"custom-liquid":"{{ product.metafields.custom.bullet_point_ }}"}},"options":{"type":"options","settings":{"variant-style":"buttons","swatches":"circle","size-chart-enabled":true,"size-chart-option":"size","size-chart-content":""}},"seal_subscriptions_subscription_widget_YdzbiA":{"type":"shopify:\/\/apps\/seal-subscriptions\/blocks\/subscription-widget\/13b25004-a140-4ab7-b5fe-29918f759699","settings":{"product":"{{product}}"}},"buy-buttons":{"type":"buy-buttons","settings":{"smart-payment-enabled":true,"sticky-add-enabled":true}},"collapsible_row_bCVKEx":{"type":"collapsible-row","settings":{"heading":"{{ product.metafields.custom.key_product_benefits_title.value }}","description":"{{ product.metafields.custom.key_product_benefits_content }}","page-content":"","default-open":false}},"collapsible_row_ftUM4d":{"type":"collapsible-row","settings":{"heading":"{{ product.metafields.custom.suggested_use_title.value }}","description":"{{ product.metafields.custom.suggested_use_content }}","page-content":"","default-open":false}},"collapsible_row_qRFHHe":{"type":"collapsible-row","settings":{"heading":"{{ product.metafields.custom.product_description_title.value }}","description":"<p>Ingridient info:<\/p>","image_Ingredients":"{{ product.metafields.custom.product_ingredients_image.value }}","page-content":"","default-open":false}},"collapsible_row_DDa7YD":{"type":"collapsible-row","settings":{"heading":"{{ product.metafields.custom.how_it_works_title.value }}","description":"<p>{{ product.metafields.custom.how_it_works_content }}<\/p>","page-content":"","default-open":false}},"collapsible_row_dpmLED":{"type":"collapsible-row","settings":{"heading":"{{ product.metafields.custom.why_choose_product_name_.value }}","description":"{{ product.metafields.custom.why_choose_product_name_content }}","page-content":"","default-open":false}},"collapsible_row_WeidaK":{"type":"collapsible-row","settings":{"heading":"{{ product.metafields.custom.faqs_title.value }}","description":"<p>{{ product.metafields.custom.faqs_content }}<\/p>","page-content":"","default-open":false}},"pickup":{"type":"pickup","settings":{}},"complementary-products":{"type":"complementary-products","settings":{"title":"Pairs well with","max-products":2,"collapsible-row-enabled":false}},"social-sharing":{"type":"social-sharing","settings":{"facebook-enabled":true,"x-enabled":true,"pinterest-enabled":true,"email-enabled":true,"url-enabled":true}}},"block_order":["heading","loox_reviews_loox_rating_UcYUq9","liquid_DnbRqb","price","overline_tp7KJK","description","liquid_UNqjjK","options","seal_subscriptions_subscription_widget_YdzbiA","buy-buttons","collapsible_row_bCVKEx","collapsible_row_ftUM4d","collapsible_row_qRFHHe","collapsible_row_DDa7YD","collapsible_row_dpmLED","collapsible_row_WeidaK","pickup","complementary-products","social-sharing"],"custom_css":["h2.product--block--heading {font-size: 21px !important; font-weight: bold !important; font-family: sans-serif;}","p.bulet {font-size: 17px;}","b.ico {margin-right: 8px; padding: 2px !important;}","label#seal-purchase-options-label {font-weight: 500;}","label.collapsible-row--heading {font-weight: 600;}",".product--block {margin-top: 10px;}","@media only screen and (max-width: 767px) {h2.product--block--heading {font-weight: 600 !important; }}"],"settings":{"container-width":"4","spacing-above":"half","spacing-below":"full","media-layout":"mixed","text-column-width":46,"media-gap":12,"column-spacing":"evenly","text-alignment":"left","thumbnail-width":40,"heading-enabled":false,"heading-sizes-enabled":false,"heading-size":0,"breadcrumbs-enabled":false,"modal-enabled":true,"variant-scroll-enabled":true,"image-zoom-enabled":false,"loop-enabled":true,"mobile-spacing-above":"half","mobile-spacing-below":"half","mobile-media-layout":"thumbnails"}},"related-products":{"type":"related-products","disabled":true,"custom_css":[".subheding {font-size: 17px;}",".product--title {font-size: 22px;}"],"settings":{"top-border":false,"spacing-above":"full","spacing-below":"full","background-color":"none","white-text":false,"container-width":"4","title":"You may also like","mobile-spacing-above":"half","mobile-spacing-below":"half"}},"icons_row_TrbUJJ":{"type":"icons-row","blocks":{"icon_n7h8Xw":{"type":"icon","settings":{"icon":"none","icon-image":"shopify:\/\/shop_images\/Researched.png","title":"Rigorously Researched","description":"<p>Formulated with clinically-backed ingredients.<\/p>","link-whole-column":"","link-url":"","link-text":""}},"icon_FP6tQ8":{"type":"icon","settings":{"icon":"none","icon-image":"shopify:\/\/shop_images\/GMP.png","title":"Highest Manufacturing Standards","description":"<p>Produced in a cGMP-certified facility.<\/p>","link-whole-column":"","link-url":"","link-text":""}},"icon_wg9ddj":{"type":"icon","settings":{"icon":"none","icon-image":"shopify:\/\/shop_images\/LabTested.png","title":"Lab-Tested for Potency","description":"<p>Every batch undergoes third-party testing.<\/p>","link-whole-column":"","link-url":"","link-text":""}},"icon_V8mH3L":{"type":"icon","settings":{"icon":"package","icon-image":"shopify:\/\/shop_images\/GlassPackaging.png","title":"Glass Packaging","description":"<p>Avoids microplastics & hormone disruptors.<\/p>","link-whole-column":"","link-url":"","link-text":""}}},"block_order":["icon_n7h8Xw","icon_FP6tQ8","icon_wg9ddj","icon_V8mH3L"],"custom_css":[".featured-grid--button {border-radius: 12px; color: #ffff;}",".stacked-text--title {color: #212535;}"],"settings":{"top-border":false,"spacing-above":"full","spacing-below":"full","block-spacing":true,"background-color":"none","white-text":false,"section-alignment":"center","text-alignment":"center","container-width":"4","width":4,"icon-width":60,"overline":"","heading":"Rooted in Quality","description":"","link-url":"shopify:\/\/pages\/mission","link-text":"Learn More","mobile-spacing-above":"full","mobile-spacing-below":"full","mobile-heading-alignment":"center","mobile-width":"1","mobile-media-layout":"grid"}},"1740980074b2ff591f":{"type":"apps","blocks":{"loox_reviews_loox_testimonial_carousel_section_RFpYiQ":{"type":"shopify:\/\/apps\/loox-reviews\/blocks\/loox-testimonial-carousel-section\/5c3b337f-fd14-4df5-b1d6-80ec13e6e28e","settings":{"maxWidth":600,"desktopFontSize":16,"mobileFontSize":20,"maxNumberOfCharacters":100,"quoteMarkIcon":"style-1","reviewerNameColor":"#000000","textColor":"#000000","starsColor":"","quotesIconColor":"#000000","arrows_iconColor":"#000000","arrows_hideOnMobile":true,"pagination_active":true,"pagination_selectedDotColor":"#000000","pagination_dotColor":"#000000","autoplay_active":false,"autoplay_duration":2,"productIds":""}}},"block_order":["loox_reviews_loox_testimonial_carousel_section_RFpYiQ"],"settings":{"top-border":false,"spacing-above":"full","spacing-below":"full","background-color":"none","white-text":false,"text-alignment":"center","container-width":"4","mobile-spacing-above":"half","mobile-spacing-below":"half"}},"17409771483a96412e":{"type":"apps","blocks":{"loox_reviews_loox_dynamic_section_bcjBwL":{"type":"shopify:\/\/apps\/loox-reviews\/blocks\/loox-dynamic-section\/5c3b337f-fd14-4df5-b1d6-80ec13e6e28e","settings":{"only_photos":false,"aggregated":false,"limit":21,"hide_thumbnails":false,"maxwidth":1080,"is_sample":true}}},"block_order":["loox_reviews_loox_dynamic_section_bcjBwL"],"settings":{"top-border":false,"spacing-above":"full","spacing-below":"full","background-color":"none","white-text":false,"text-alignment":"center","container-width":"4","mobile-spacing-above":"half","mobile-spacing-below":"half"}}},"order":["product_page_banner_PnkFqf","main","related-products","icons_row_TrbUJJ","1740980074b2ff591f","17409771483a96412e"]}