{"type":"footer","name":"Footer Group","sections":{"ar_footer_disclaimer_dz4wC6":{"type":"ar-footer-disclaimer","disabled":true,"name":"AR Footer Disclaimer","settings":{"disclaimer":"These statements have not been evaluated by the Food and Drug Administration. Our products and any information provided on this site are not intended to diagnose, treat, cure, or prevent any disease. The content is for educational purposes only and does not constitute medical advice. Always consult a qualified healthcare professional before making changes to your diet or taking new dietary products, especially if you are pregnant, nursing, or have a medical condition. Individual results may vary."}},"footer":{"type":"footer","blocks":{"menu_Qg6zGH":{"type":"menu","settings":{"menu-title":"Support","menu":"footer","show-policy-links":false}},"about_btkpjQ":{"type":"about","settings":{"about-title":"Social Channels","text":"<p>[current_year] © AV.<br\/><br\/>A brief store summary, tagline, or vision statement.<\/p>","subscribe--show-social-icons":true}},"4bbc4d2e-97a8-4d59-87f2-9195c41265ab":{"type":"subscribe","settings":{"newsletter--heading":"Newsletter","newsletter--info":"<p>Be the first to receive updates on new arrivals, special promos and sales.<\/p>","subscribe--show-newsletter":true}}},"block_order":["menu_Qg6zGH","about_btkpjQ","4bbc4d2e-97a8-4d59-87f2-9195c41265ab"],"disabled":true,"custom_css":["ul.footer--menu .li {color: #212535 !important; font-size: 16px !important;}",".copyright-content {color: #767676; font-size: 14px;}",".social-icons--root svg {height: 22px; width: 22px;}",".footer--root {padding-bottom: 0px !important;}"],"settings":{"top-border":false,"background-color":"none","heading-type":"block-heading","white-text":false,"enable-follow-on-shop":true,"show-region-selector":true,"show-locale-selector":true,"show-payment-icons":false,"copyright-content":"<p>These statements have not been evaluated by the Food and Drug Administration. Our products and any information provided on this site are not intended to diagnose, treat, cure, or prevent any disease. The content is for educational purposes only and does not constitute medical advice. Always consult a qualified healthcare professional before making changes to your diet or taking new dietary products, especially if you are pregnant, nursing, or have a medical condition. Individual results may vary.<\/p>"}},"featured_text_UXkrMq":{"type":"featured-text","disabled":true,"settings":{"top-border":false,"spacing-above":"none","spacing-below":"half","background-color":"none","white-text":false,"text-alignment":"center","heading-type":"section-heading","container-width":"4","overline":"","heading":"","highlight-type":"italic","highlight-color":"#ffdd66","highlight-text":"#000000","description":"<p>“Still unsure? Learn how our formulas can help you.”<\/p>","link-url":"shopify:\/\/pages\/science","link-text":"Discover the Science","mobile-spacing-above":"none","mobile-spacing-below":"half"}}},"order":["ar_footer_disclaimer_dz4wC6","footer","featured_text_UXkrMq"]}