{"type":"header","name":"Header Group","sections":{"announcement":{"type":"announcement","disabled":true,"settings":{"sticky-enabled":false,"top-border":false,"background-color":"accent-1","white-text":false,"arrows-enabled":false,"rotate-frequency":7,"show-social-icons":false,"show-region-selector":false,"show-locale-selector":false,"scroll-text":false,"animation-speed":3}},"header":{"type":"header","disabled":true,"settings":{"layout":"center-left","background-color":"none","bottom-border":false,"white-text":false,"hover-disabled":false,"sticky-enabled":false,"hide-on-scroll":false,"reduce-height":true,"overlap-behavior":"drawer","logo-height":45,"mobile-logo-height":30,"transparent-enabled":false,"transparent-white-text":false,"menu":"main-menu","search-enabled":false,"icons-enabled":false,"highlight-item":"","highlight-color":"#dea839","modal-item":"","modal-content":"","modal-background-color":"none","modal-white-text":false,"show-region-selector":false,"show-locale-selector":false}}},"order":["announcement","header"]}