{"current":{"color--accent-1":"#212535","color--accent-2":"#212535","bg-color--light":"#f2f0ef","bg-color--dark":"#ffffff","bg-color--body":"#ffffff","color--body":"#212535","color--button":"#ffffff","bg-color--button":"#212535","typography--heading":"roboto_slab_n4","typography--heading--uppercase":false,"typography--banner--size":61,"typography--featured--size":38,"typography--featured--mobile-size":38,"typography--section--size":28,"typography--block--size":18,"typography--nav":"sans-serif","typography--nav--size":14,"typography--sub-nav--size":14,"typography--button--size":14,"typography--paragraph":"sans-serif","typography--paragraph--size":16,"typography--featured-paragraph--size":16,"content--shadow-opacity":15,"content--box-translucent":false,"buttons--style":"button","image--product-size":"square","image--collection-size":"portrait","image--article-size":"square","product--hover-image-enabled":true,"product--show-rating":true,"product--swatches":"square","product--text-alignment":"center","product--label-shape":"square","product--label-color":"dark","product--label-white-text":true,"product--show-sale-label":"show-percent","product--show-new-label":false,"product--new-label-period":13,"product--featured-tags":"Limited Edition, Organic, Organic Cotton, Handmade","quick-add--enabled":true,"quick-add--variant-style":"buttons","quick-add--show-quantity":false,"social--hover-color":"brand","social--instagram--url":"#","social--facebook--url":"#","social--linkedin--url":"#","social--youtube--url":"#","social--pinterest--url":"#","social--x--url":"#","social--tiktok--url":"#","social--snapchat--url":"","transitions--text":false,"transitions--image":false,"transitions--buttons":false,"transitions--other":false,"preset":"essentials","content_for_index":[],"blocks":{"341186785192672687":{"type":"shopify:\/\/apps\/seal-subscriptions\/blocks\/subscription-script-append\/13b25004-a140-4ab7-b5fe-29918f759699","disabled":false,"settings":{}},"11532412952436166569":{"type":"shopify:\/\/apps\/loox-reviews\/blocks\/loox-inject\/5c3b337f-fd14-4df5-b1d6-80ec13e6e28e","disabled":false,"settings":{}}}},"presets":{"Organic":{"color--accent-1":"#cad3cc","color--accent-2":"#f8f5ed","bg-color--light":"#f7f7f7","bg-color--dark":"#222222","bg-color--body":"#ffffff","color--body":"#212121","color--button":"#ffffff","bg-color--button":"#212121","typography--heading":"figtree_n5","typography--heading--uppercase":false,"typography--banner--size":61,"typography--banner--mobile-size":44,"typography--featured--size":32,"typography--featured--mobile-size":32,"typography--section--size":28,"typography--block--mobile-size":16,"typography--nav":"sans-serif","typography--nav--size":14,"typography--nav--uppercase":false,"typography--sub-nav--size":12,"typography--sub-nav--uppercase":false,"typography--paragraph":"inconsolata_n4","content--image-opacity":65,"buttons--radius":3,"image--radius":4,"image--product-size":"natural","preset":"organic","product--hover-image-enabled":true,"product--swatches":"none","product--text-alignment":"center","product--label-shape":"square","product--label-color":"light","product--show-new-label":true,"product--new-label-period":22,"product--featured-tags":"Sensitive skin","quick-add--variant-style":"buttons","social--hover-color":"none","bdr-color--page":"#ffffff","border--enabled":false,"content_for_index":[]},"Essentials":{"color--accent-1":"#1f2934","color--accent-2":"#497642","bg-color--body":"#ffffff","color--body":"#111111","color--button":"#ffffff","bg-color--button":"#111111","typography--heading":"roboto_slab_n4","typography--heading--uppercase":false,"typography--featured--size":48,"typography--featured--mobile-size":38,"typography--nav":"sans-serif","typography--paragraph":"sans-serif","image--product-size":"square","image--collection-size":"portrait","image--article-size":"square","preset":"essentials","product--hover-image-enabled":true,"product--show-rating":true,"product--swatches":"square","product--text-alignment":"center","product--label-shape":"square","product--label-color":"dark","product--label-white-text":true,"product--show-sale-label":"show-percent","product--show-new-label":false,"product--new-label-period":13,"product--featured-tags":"Limited Edition, Organic, Organic Cotton, Handmade","quick-add--variant-style":"buttons","content_for_index":[]},"Eco":{"color--accent-1":"#6b7971","color--accent-2":"#f7f3ec","bg-color--body":"#ffffff","color--body":"#111111","color--button":"#ffffff","bg-color--button":"#111111","typography--heading":"figtree_n3","typography--heading--uppercase":false,"typography--banner--size":66,"typography--featured--size":58,"typography--section--size":44,"typography--block--size":20,"typography--nav":"figtree_n4","typography--button--spacing":2,"typography--paragraph":"lora_n4","image--product-size":"natural","image--article-size":"square","preset":"eco","product--hover-image-enabled":true,"product--show-vendor":true,"product--show-rating":true,"product--swatches":"circle","product--text-alignment":"center","product--label-shape":"square","product--label-color":"accent-2","product--label-white-text":false,"product--featured-tags":"Limited edition, Sustainable, Organic, Vegan","content_for_index":[]}},"platform_customizations":{"custom_css":[]}}